model,model_name,architecture,topology,model_quantization,qbs_weight_profiles_in_graph,effective_kv_target,chunk_index,chunk_count,M_query_tokens,P_past_tokens,visible_kv_end,kv_capacity,head_dim,q_heads,kv_heads,gqa_rows,attention_nodes,q_type,k_type,v_type,mask_type,output_type,q_shape_D_M_Hq_B,k_shape_D_K_Hkv_B,v_shape_D_K_Hkv_B,mask_shape_K_M_1_1,output_shape_D_Hq_M_B,layout_evidence,mask_semantics,visible_pairs_per_q_head,qk_macs,pv_macs,attention_macs,query_payload_bytes,visible_kv_payload_bytes,fast_path_disposition,status
qwen25_1p5b_q4km,Qwen2.5-1.5B-Instruct-Q4_K_M,qwen2,dense,Q4_K_M,Q4_K/Q6_K,16,0,1,15,0,15,256,128,12,2,6,28,F32,F16,F16,F16,F32,128x15x12x1,128x256x2x1,128x256x2x1,256x15x1x1,128x12x15x1,GGML_shape_observed_byte_strides_not_traced,causal_prefix_inferred_payload_not_traced,120,184320,184320,368640,92160,15360,candidate,PASS
qwen25_1p5b_q4km,Qwen2.5-1.5B-Instruct-Q4_K_M,qwen2,dense,Q4_K_M,Q4_K/Q6_K,128,0,1,127,0,127,256,128,12,2,6,28,F32,F16,F16,F16,F32,128x127x12x1,128x256x2x1,128x256x2x1,256x127x1x1,128x12x127x1,GGML_shape_observed_byte_strides_not_traced,causal_prefix_inferred_payload_not_traced,8128,12484608,12484608,24969216,780288,130048,candidate,PASS
qwen25_1p5b_q4km,Qwen2.5-1.5B-Instruct-Q4_K_M,qwen2,dense,Q4_K_M,Q4_K/Q6_K,512,0,1,511,0,511,512,128,12,2,6,28,F32,F16,F16,F16,F32,128x511x12x1,128x512x2x1,128x512x2x1,512x511x1x1,128x12x511x1,GGML_shape_observed_byte_strides_not_traced,causal_prefix_inferred_payload_not_traced,130816,200933376,200933376,401866752,3139584,523264,candidate,PASS
qwen25_1p5b_q4km,Qwen2.5-1.5B-Instruct-Q4_K_M,qwen2,dense,Q4_K_M,Q4_K/Q6_K,1024,0,2,512,0,512,512,128,12,2,6,28,F32,F16,F16,F16,F32,128x512x12x1,128x512x2x1,128x512x2x1,512x512x1x1,128x12x512x1,GGML_shape_observed_byte_strides_not_traced,causal_prefix_inferred_payload_not_traced,131328,201719808,201719808,403439616,3145728,524288,candidate,PASS
qwen25_1p5b_q4km,Qwen2.5-1.5B-Instruct-Q4_K_M,qwen2,dense,Q4_K_M,Q4_K/Q6_K,1024,1,2,511,512,1023,1024,128,12,2,6,28,F32,F16,F16,F16,F32,128x511x12x1,128x1024x2x1,128x1024x2x1,1024x511x1x1,128x12x511x1,GGML_shape_observed_byte_strides_not_traced,causal_prefix_inferred_payload_not_traced,392448,602800128,602800128,1205600256,3139584,1047552,candidate,PASS
tinyllama_1p1b_q4km,TinyLlama-1.1B-Chat-Q4_K_M,llama,dense,Q4_K_M,Q4_K/Q6_K,16,0,1,15,0,15,256,64,32,4,8,22,F32,F16,F16,F16,F32,64x15x32x1,64x256x4x1,64x256x4x1,256x15x1x1,64x32x15x1,GGML_shape_observed_byte_strides_not_traced,causal_prefix_inferred_payload_not_traced,120,245760,245760,491520,122880,15360,candidate,PASS
tinyllama_1p1b_q4km,TinyLlama-1.1B-Chat-Q4_K_M,llama,dense,Q4_K_M,Q4_K/Q6_K,128,0,1,127,0,127,256,64,32,4,8,22,F32,F16,F16,F16,F32,64x127x32x1,64x256x4x1,64x256x4x1,256x127x1x1,64x32x127x1,GGML_shape_observed_byte_strides_not_traced,causal_prefix_inferred_payload_not_traced,8128,16646144,16646144,33292288,1040384,130048,candidate,PASS
tinyllama_1p1b_q4km,TinyLlama-1.1B-Chat-Q4_K_M,llama,dense,Q4_K_M,Q4_K/Q6_K,512,0,1,511,0,511,512,64,32,4,8,22,F32,F16,F16,F16,F32,64x511x32x1,64x512x4x1,64x512x4x1,512x511x1x1,64x32x511x1,GGML_shape_observed_byte_strides_not_traced,causal_prefix_inferred_payload_not_traced,130816,267911168,267911168,535822336,4186112,523264,candidate,PASS
tinyllama_1p1b_q4km,TinyLlama-1.1B-Chat-Q4_K_M,llama,dense,Q4_K_M,Q4_K/Q6_K,1024,0,2,512,0,512,512,64,32,4,8,22,F32,F16,F16,F16,F32,64x512x32x1,64x512x4x1,64x512x4x1,512x512x1x1,64x32x512x1,GGML_shape_observed_byte_strides_not_traced,causal_prefix_inferred_payload_not_traced,131328,268959744,268959744,537919488,4194304,524288,candidate,PASS
tinyllama_1p1b_q4km,TinyLlama-1.1B-Chat-Q4_K_M,llama,dense,Q4_K_M,Q4_K/Q6_K,1024,1,2,511,512,1023,1024,64,32,4,8,22,F32,F16,F16,F16,F32,64x511x32x1,64x1024x4x1,64x1024x4x1,1024x511x1x1,64x32x511x1,GGML_shape_observed_byte_strides_not_traced,causal_prefix_inferred_payload_not_traced,392448,803733504,803733504,1607467008,4186112,1047552,candidate,PASS
smollm2_135m_q4km,SmolLM2-135M-Instruct-Q4_K_M,llama,dense,Q4_K_M,Q4_K/Q5_0/Q6_K/Q8_0,16,0,1,15,0,15,256,64,9,3,3,30,F32,F16,F16,F16,F32,64x15x9x1,64x256x3x1,64x256x3x1,256x15x1x1,64x9x15x1,GGML_shape_observed_byte_strides_not_traced,causal_prefix_inferred_payload_not_traced,120,69120,69120,138240,34560,11520,candidate,PASS
smollm2_135m_q4km,SmolLM2-135M-Instruct-Q4_K_M,llama,dense,Q4_K_M,Q4_K/Q5_0/Q6_K/Q8_0,128,0,1,127,0,127,256,64,9,3,3,30,F32,F16,F16,F16,F32,64x127x9x1,64x256x3x1,64x256x3x1,256x127x1x1,64x9x127x1,GGML_shape_observed_byte_strides_not_traced,causal_prefix_inferred_payload_not_traced,8128,4681728,4681728,9363456,292608,97536,candidate,PASS
smollm2_135m_q4km,SmolLM2-135M-Instruct-Q4_K_M,llama,dense,Q4_K_M,Q4_K/Q5_0/Q6_K/Q8_0,512,0,1,511,0,511,512,64,9,3,3,30,F32,F16,F16,F16,F32,64x511x9x1,64x512x3x1,64x512x3x1,512x511x1x1,64x9x511x1,GGML_shape_observed_byte_strides_not_traced,causal_prefix_inferred_payload_not_traced,130816,75350016,75350016,150700032,1177344,392448,candidate,PASS
smollm2_135m_q4km,SmolLM2-135M-Instruct-Q4_K_M,llama,dense,Q4_K_M,Q4_K/Q5_0/Q6_K/Q8_0,1024,0,2,512,0,512,512,64,9,3,3,30,F32,F16,F16,F16,F32,64x512x9x1,64x512x3x1,64x512x3x1,512x512x1x1,64x9x512x1,GGML_shape_observed_byte_strides_not_traced,causal_prefix_inferred_payload_not_traced,131328,75644928,75644928,151289856,1179648,393216,candidate,PASS
smollm2_135m_q4km,SmolLM2-135M-Instruct-Q4_K_M,llama,dense,Q4_K_M,Q4_K/Q5_0/Q6_K/Q8_0,1024,1,2,511,512,1023,1024,64,9,3,3,30,F32,F16,F16,F16,F32,64x511x9x1,64x1024x3x1,64x1024x3x1,1024x511x1x1,64x9x511x1,GGML_shape_observed_byte_strides_not_traced,causal_prefix_inferred_payload_not_traced,392448,226050048,226050048,452100096,1177344,785664,candidate,PASS
llama32_1b_q4km,Llama-3.2-1B-Instruct-Q4_K_M,llama,dense,Q4_K_M,Q4_K/Q6_K,16,0,1,15,0,15,256,64,32,8,4,16,F32,F16,F16,F16,F32,64x15x32x1,64x256x8x1,64x256x8x1,256x15x1x1,64x32x15x1,GGML_shape_observed_byte_strides_not_traced,causal_prefix_inferred_payload_not_traced,120,245760,245760,491520,122880,30720,candidate,PASS
llama32_1b_q4km,Llama-3.2-1B-Instruct-Q4_K_M,llama,dense,Q4_K_M,Q4_K/Q6_K,128,0,1,127,0,127,256,64,32,8,4,16,F32,F16,F16,F16,F32,64x127x32x1,64x256x8x1,64x256x8x1,256x127x1x1,64x32x127x1,GGML_shape_observed_byte_strides_not_traced,causal_prefix_inferred_payload_not_traced,8128,16646144,16646144,33292288,1040384,260096,candidate,PASS
llama32_1b_q4km,Llama-3.2-1B-Instruct-Q4_K_M,llama,dense,Q4_K_M,Q4_K/Q6_K,512,0,1,511,0,511,512,64,32,8,4,16,F32,F16,F16,F16,F32,64x511x32x1,64x512x8x1,64x512x8x1,512x511x1x1,64x32x511x1,GGML_shape_observed_byte_strides_not_traced,causal_prefix_inferred_payload_not_traced,130816,267911168,267911168,535822336,4186112,1046528,candidate,PASS
llama32_1b_q4km,Llama-3.2-1B-Instruct-Q4_K_M,llama,dense,Q4_K_M,Q4_K/Q6_K,1024,0,2,512,0,512,512,64,32,8,4,16,F32,F16,F16,F16,F32,64x512x32x1,64x512x8x1,64x512x8x1,512x512x1x1,64x32x512x1,GGML_shape_observed_byte_strides_not_traced,causal_prefix_inferred_payload_not_traced,131328,268959744,268959744,537919488,4194304,1048576,candidate,PASS
llama32_1b_q4km,Llama-3.2-1B-Instruct-Q4_K_M,llama,dense,Q4_K_M,Q4_K/Q6_K,1024,1,2,511,512,1023,1024,64,32,8,4,16,F32,F16,F16,F16,F32,64x511x32x1,64x1024x8x1,64x1024x8x1,1024x511x1x1,64x32x511x1,GGML_shape_observed_byte_strides_not_traced,causal_prefix_inferred_payload_not_traced,392448,803733504,803733504,1607467008,4186112,2095104,candidate,PASS
gemma3_1b_q4km,Gemma-3-1B-IT-Q4_K_M,gemma3,dense,Q4_K_M,Q4_K/Q5_0/Q6_K/Q8_0,16,0,1,15,0,15,256,256,4,1,4,26,F32,F16,F16,F16,F32,256x15x4x1,256x256x1x1,256x256x1x1,256x15x1x1,256x4x15x1,GGML_shape_observed_byte_strides_not_traced,causal_prefix_inferred_payload_not_traced,120,122880,122880,245760,61440,15360,fallback_head_dim,PASS
gemma3_1b_q4km,Gemma-3-1B-IT-Q4_K_M,gemma3,dense,Q4_K_M,Q4_K/Q5_0/Q6_K/Q8_0,128,0,1,127,0,127,256,256,4,1,4,26,F32,F16,F16,F16,F32,256x127x4x1,256x256x1x1,256x256x1x1,256x127x1x1,256x4x127x1,GGML_shape_observed_byte_strides_not_traced,causal_prefix_inferred_payload_not_traced,8128,8323072,8323072,16646144,520192,130048,fallback_head_dim,PASS
gemma3_1b_q4km,Gemma-3-1B-IT-Q4_K_M,gemma3,dense,Q4_K_M,Q4_K/Q5_0/Q6_K/Q8_0,512,0,1,511,0,511,512,256,4,1,4,26,F32,F16,F16,F16,F32,256x511x4x1,256x512x1x1,256x512x1x1,512x511x1x1,256x4x511x1,GGML_shape_observed_byte_strides_not_traced,causal_prefix_inferred_payload_not_traced,130816,133955584,133955584,267911168,2093056,523264,fallback_head_dim,PASS
gemma3_1b_q4km,Gemma-3-1B-IT-Q4_K_M,gemma3,dense,Q4_K_M,Q4_K/Q5_0/Q6_K/Q8_0,1024,0,2,512,0,512,512,256,4,1,4,26,F32,F16,F16,F16,F32,256x512x4x1,256x512x1x1,256x512x1x1,512x512x1x1,256x4x512x1,GGML_shape_observed_byte_strides_not_traced,causal_prefix_inferred_payload_not_traced,131328,134479872,134479872,268959744,2097152,524288,fallback_head_dim,PASS
gemma3_1b_q4km,Gemma-3-1B-IT-Q4_K_M,gemma3,dense,Q4_K_M,Q4_K/Q5_0/Q6_K/Q8_0,1024,1,2,511,512,1023,1024,256,4,1,4,26,F32,F16,F16,F16,F32,256x511x4x1,256x1024x1x1,256x1024x1x1,1024x511x1x1,256x4x511x1,GGML_shape_observed_byte_strides_not_traced,causal_prefix_inferred_payload_not_traced,392448,401866752,401866752,803733504,2093056,1047552,fallback_head_dim,PASS
phi35_mini_q4km,Phi-3.5-Mini-Instruct-Q4_K_M,phi3,dense,Q4_K_M,Q4_K/Q5_K/Q6_K,16,0,1,15,0,15,256,96,32,32,1,32,F32,F16,F16,F16,F32,96x15x32x1,96x256x32x1,96x256x32x1,256x15x1x1,96x32x15x1,GGML_shape_observed_byte_strides_not_traced,causal_prefix_inferred_payload_not_traced,120,368640,368640,737280,184320,184320,candidate,PASS
phi35_mini_q4km,Phi-3.5-Mini-Instruct-Q4_K_M,phi3,dense,Q4_K_M,Q4_K/Q5_K/Q6_K,128,0,1,127,0,127,256,96,32,32,1,32,F32,F16,F16,F16,F32,96x127x32x1,96x256x32x1,96x256x32x1,256x127x1x1,96x32x127x1,GGML_shape_observed_byte_strides_not_traced,causal_prefix_inferred_payload_not_traced,8128,24969216,24969216,49938432,1560576,1560576,candidate,PASS
phi35_mini_q4km,Phi-3.5-Mini-Instruct-Q4_K_M,phi3,dense,Q4_K_M,Q4_K/Q5_K/Q6_K,512,0,1,511,0,511,512,96,32,32,1,32,F32,F16,F16,F16,F32,96x511x32x1,96x512x32x1,96x512x32x1,512x511x1x1,96x32x511x1,GGML_shape_observed_byte_strides_not_traced,causal_prefix_inferred_payload_not_traced,130816,401866752,401866752,803733504,6279168,6279168,candidate,PASS
phi35_mini_q4km,Phi-3.5-Mini-Instruct-Q4_K_M,phi3,dense,Q4_K_M,Q4_K/Q5_K/Q6_K,1024,0,2,512,0,512,512,96,32,32,1,32,F32,F16,F16,F16,F32,96x512x32x1,96x512x32x1,96x512x32x1,512x512x1x1,96x32x512x1,GGML_shape_observed_byte_strides_not_traced,causal_prefix_inferred_payload_not_traced,131328,403439616,403439616,806879232,6291456,6291456,candidate,PASS
phi35_mini_q4km,Phi-3.5-Mini-Instruct-Q4_K_M,phi3,dense,Q4_K_M,Q4_K/Q5_K/Q6_K,1024,1,2,511,512,1023,1024,96,32,32,1,32,F32,F16,F16,F16,F32,96x511x32x1,96x1024x32x1,96x1024x32x1,1024x511x1x1,96x32x511x1,GGML_shape_observed_byte_strides_not_traced,causal_prefix_inferred_payload_not_traced,392448,1205600256,1205600256,2411200512,6279168,12570624,candidate,PASS
olmoe_1b7b_q4km,OLMoE-1B-7B-0924-Instruct-Q4_K_M,olmoe,moe,Q4_K_M,Q4_K/Q6_K,16,0,1,15,0,15,256,128,16,16,1,16,F32,F16,F16,F16,F32,128x15x16x1,128x256x16x1,128x256x16x1,256x15x1x1,128x16x15x1,GGML_shape_observed_byte_strides_not_traced,causal_prefix_inferred_payload_not_traced,120,245760,245760,491520,122880,122880,candidate,PASS
olmoe_1b7b_q4km,OLMoE-1B-7B-0924-Instruct-Q4_K_M,olmoe,moe,Q4_K_M,Q4_K/Q6_K,128,0,1,127,0,127,256,128,16,16,1,16,F32,F16,F16,F16,F32,128x127x16x1,128x256x16x1,128x256x16x1,256x127x1x1,128x16x127x1,GGML_shape_observed_byte_strides_not_traced,causal_prefix_inferred_payload_not_traced,8128,16646144,16646144,33292288,1040384,1040384,candidate,PASS
olmoe_1b7b_q4km,OLMoE-1B-7B-0924-Instruct-Q4_K_M,olmoe,moe,Q4_K_M,Q4_K/Q6_K,512,0,1,511,0,511,512,128,16,16,1,16,F32,F16,F16,F16,F32,128x511x16x1,128x512x16x1,128x512x16x1,512x511x1x1,128x16x511x1,GGML_shape_observed_byte_strides_not_traced,causal_prefix_inferred_payload_not_traced,130816,267911168,267911168,535822336,4186112,4186112,candidate,PASS
olmoe_1b7b_q4km,OLMoE-1B-7B-0924-Instruct-Q4_K_M,olmoe,moe,Q4_K_M,Q4_K/Q6_K,1024,0,2,512,0,512,512,128,16,16,1,16,F32,F16,F16,F16,F32,128x512x16x1,128x512x16x1,128x512x16x1,512x512x1x1,128x16x512x1,GGML_shape_observed_byte_strides_not_traced,causal_prefix_inferred_payload_not_traced,131328,268959744,268959744,537919488,4194304,4194304,candidate,PASS
olmoe_1b7b_q4km,OLMoE-1B-7B-0924-Instruct-Q4_K_M,olmoe,moe,Q4_K_M,Q4_K/Q6_K,1024,1,2,511,512,1023,1024,128,16,16,1,16,F32,F16,F16,F16,F32,128x511x16x1,128x1024x16x1,128x1024x16x1,1024x511x1x1,128x16x511x1,GGML_shape_observed_byte_strides_not_traced,causal_prefix_inferred_payload_not_traced,392448,803733504,803733504,1607467008,4186112,8380416,candidate,PASS
