cycle,wvalid,wready,avalid,aready,woff,aoff,wpend,apend,pending_woff,pending_aoff,wcommit_old,wcommit_new,acommit_old,acommit_new,wremain_old,wremain_new,aremain_old,aremain_new,wread,aread,k,wbytes,abytes,wfifo,afifo,wpop,apop
2,1,1,1,1,16,16,0,0,0,0,0,65535,0,65535,0,0,0,0,0,0,0,0,0,1,1,1,1
3,1,1,1,1,32,32,0,0,0,0,0,65535,0,65535,0,0,0,0,0,0,0,16,16,1,1,1,1
4,1,1,1,1,48,48,0,0,0,0,0,65535,0,15,0,0,0,65520,0,0,0,32,32,1,1,1,1
5,1,1,1,1,64,64,0,1,0,32,0,65535,65520,65535,0,0,0,0,0,0,0,48,36,1,1,1,1
6,1,1,1,1,80,80,0,0,0,32,0,65535,0,15,0,0,65520,65520,0,0,0,64,64,1,1,1,1
7,1,1,1,1,96,96,0,1,0,64,0,65535,65520,65535,0,0,0,0,0,0,0,80,68,1,1,1,1
8,1,1,1,1,112,112,0,0,0,64,0,65535,0,15,0,0,65520,65520,0,0,0,96,96,1,1,1,1
9,1,1,1,1,128,128,0,1,0,96,0,65535,65520,65535,0,0,0,0,0,0,0,112,100,1,1,1,1
10,0,1,1,1,0,144,0,0,0,96,0,65535,0,15,0,0,65520,65520,0,0,0,128,128,1,1,1,1
11,0,1,1,1,0,160,0,1,0,128,0,0,65520,65535,0,65535,0,0,0,0,0,144,132,0,1,0,1
12,0,1,1,1,0,176,0,0,0,128,0,0,0,15,0,65535,65520,65520,0,0,0,144,160,0,1,0,1
13,0,1,1,1,0,192,0,1,0,160,0,0,65520,65535,0,65535,0,0,0,0,0,144,164,0,1,0,1
14,0,1,1,1,0,208,0,0,0,160,0,0,0,15,0,65535,65520,65520,0,0,0,144,192,0,1,0,1
15,0,1,1,1,0,224,0,1,0,192,0,0,65520,65535,0,65535,0,0,0,0,0,144,196,0,1,0,1
16,0,1,1,1,0,240,0,0,0,192,0,0,0,15,0,65535,65520,65520,0,0,0,144,224,0,1,0,1
17,0,1,1,1,0,256,0,1,0,224,0,0,65520,65535,0,65535,0,0,0,0,0,144,228,0,1,0,1
18,0,1,1,1,0,272,0,0,0,224,0,0,0,65535,0,65535,65520,0,0,0,0,144,256,0,1,0,1
19,0,1,1,1,0,288,0,0,0,224,0,0,0,65535,0,65535,65520,0,0,0,0,144,272,0,1,0,1
20,0,1,0,1,0,288,0,0,0,224,0,0,0,15,0,65535,65520,0,0,0,0,144,288,0,1,0,1
21,0,0,0,0,0,288,0,0,0,224,0,0,0,0,0,65535,65520,65535,1,1,0,144,292,0,0,0,0
22,0,0,0,0,0,288,0,0,0,224,0,0,0,0,0,65535,65520,65535,1,1,8,144,292,0,0,0,0
23,0,0,0,0,0,288,0,0,0,224,0,0,0,0,0,65535,65520,65535,1,1,16,144,292,0,0,0,0
24,0,0,0,0,0,288,0,0,0,224,0,0,0,0,0,65535,65520,65535,1,1,24,144,292,0,0,0,0
25,0,0,0,0,0,288,0,0,0,224,0,0,0,0,0,65535,65520,65535,1,1,32,144,292,0,0,0,0
26,0,0,0,0,0,288,0,0,0,224,0,0,0,0,0,65535,65520,65535,1,1,40,144,292,0,0,0,0
27,0,0,0,0,0,288,0,0,0,224,0,0,0,0,0,65535,65520,65535,1,1,48,144,292,0,0,0,0
28,0,0,0,0,0,288,0,0,0,224,0,0,0,0,0,65535,65520,65535,1,1,56,144,292,0,0,0,0
29,0,0,0,0,0,288,0,0,0,224,0,0,0,0,0,65535,65520,65535,1,1,64,144,292,0,0,0,0
30,0,0,0,0,0,288,0,0,0,224,0,0,0,0,0,65535,65520,65535,1,1,72,144,292,0,0,0,0
31,0,0,0,0,0,288,0,0,0,224,0,0,0,0,0,65535,65520,65535,1,1,80,144,292,0,0,0,0
32,0,0,0,0,0,288,0,0,0,224,0,0,0,0,0,65535,65520,65535,1,1,88,144,292,0,0,0,0
33,0,0,0,0,0,288,0,0,0,224,0,0,0,0,0,65535,65520,65535,1,1,96,144,292,0,0,0,0
34,0,0,0,0,0,288,0,0,0,224,0,0,0,0,0,65535,65520,65535,1,1,104,144,292,0,0,0,0
35,0,0,0,0,0,288,0,0,0,224,0,0,0,0,0,65535,65520,65535,1,1,112,144,292,0,0,0,0
36,0,0,0,0,0,288,0,0,0,224,0,0,0,0,0,65535,65520,65535,1,1,120,144,292,0,0,0,0
37,0,0,0,0,0,288,0,0,0,224,0,0,0,0,0,65535,65520,65535,1,1,128,144,292,0,0,0,0
38,0,0,0,0,0,288,0,0,0,224,0,0,0,0,0,65535,65520,65535,1,1,136,144,292,0,0,0,0
39,0,0,0,0,0,288,0,0,0,224,0,0,0,0,0,65535,65520,65535,1,1,144,144,292,0,0,0,0
40,0,0,0,0,0,288,0,0,0,224,0,0,0,0,0,65535,65520,65535,1,1,152,144,292,0,0,0,0
41,0,0,0,0,0,288,0,0,0,224,0,0,0,0,0,65535,65520,65535,1,1,160,144,292,0,0,0,0
42,0,0,0,0,0,288,0,0,0,224,0,0,0,0,0,65535,65520,65535,1,1,168,144,292,0,0,0,0
43,0,0,0,0,0,288,0,0,0,224,0,0,0,0,0,65535,65520,65535,1,1,176,144,292,0,0,0,0
44,0,0,0,0,0,288,0,0,0,224,0,0,0,0,0,65535,65520,65535,1,1,184,144,292,0,0,0,0
45,0,0,0,0,0,288,0,0,0,224,0,0,0,0,0,65535,65520,65535,1,1,192,144,292,0,0,0,0
46,0,0,0,0,0,288,0,0,0,224,0,0,0,0,0,65535,65520,65535,1,1,200,144,292,0,0,0,0
47,0,0,0,0,0,288,0,0,0,224,0,0,0,0,0,65535,65520,65535,1,1,208,144,292,0,0,0,0
48,0,0,0,0,0,288,0,0,0,224,0,0,0,0,0,65535,65520,65535,1,1,216,144,292,0,0,0,0
49,0,0,0,0,0,288,0,0,0,224,0,0,0,0,0,65535,65520,65535,1,1,224,144,292,0,0,0,0
50,0,0,0,0,0,288,0,0,0,224,0,0,0,0,0,65535,65520,65535,1,1,232,144,292,0,0,0,0
51,0,0,0,0,0,288,0,0,0,224,0,0,0,0,0,65535,65520,65535,1,1,240,144,292,0,0,0,0
52,0,0,0,0,0,288,0,0,0,224,0,0,0,0,0,65535,65520,65535,1,1,248,144,292,0,0,0,0
53,0,1,0,1,0,288,0,0,0,224,0,0,0,0,0,65535,65520,65535,0,0,248,144,292,0,0,0,0
54,0,0,0,0,0,0,0,0,0,224,0,0,0,0,0,65535,65520,65535,0,0,248,144,292,0,0,0,0
55,1,1,1,1,0,0,0,0,0,224,0,0,0,0,0,65535,65520,15,0,0,248,0,0,0,0,0,0
56,0,1,0,1,0,0,0,0,0,224,0,0,0,0,0,0,65520,0,0,0,248,0,0,1,1,1,1
57,1,1,1,1,0,0,0,0,0,224,0,0,0,0,0,65535,65520,65535,0,0,248,0,0,0,0,0,0
58,0,1,0,1,0,0,0,0,0,224,0,6746,0,602,0,0,65520,0,0,0,248,0,0,1,1,1,1
59,1,1,1,1,0,0,0,0,0,224,0,0,0,0,0,0,65520,0,0,0,248,7,5,0,0,0,0
60,0,1,0,1,0,0,0,0,0,224,0,1445,0,1445,0,0,65520,0,0,0,248,7,5,1,1,1,1
61,1,1,1,1,0,0,0,0,0,224,0,0,0,0,0,6746,65520,602,0,0,248,13,11,0,0,0,0
62,0,1,0,1,0,0,0,0,0,224,0,8191,0,2047,0,0,65520,0,0,0,248,13,11,1,1,1,1
63,0,1,0,1,0,0,0,0,0,224,0,0,0,0,0,1445,65520,1445,0,0,248,13,11,0,0,0,0
64,1,1,1,1,13,11,0,0,0,224,0,0,0,0,0,1445,65520,1445,0,0,248,13,11,0,0,0,0
65,0,1,0,1,13,11,0,0,0,224,0,6746,0,602,0,0,65520,0,0,0,248,13,11,1,1,1,1
66,1,1,1,1,13,11,0,0,0,224,0,0,0,0,0,8191,65520,2047,0,0,248,20,16,0,0,0,0
67,0,1,0,1,13,11,0,0,0,224,0,1445,0,1445,0,0,65520,0,0,0,248,20,16,1,1,1,1
68,1,1,1,1,13,11,0,0,0,224,0,0,0,0,0,6746,65520,602,0,0,248,26,22,0,0,0,0
69,0,1,0,1,13,11,0,0,0,224,0,8191,0,2047,0,0,65520,0,0,0,248,26,22,1,1,1,1
70,0,1,0,1,13,11,0,0,0,224,0,0,0,0,0,1445,65520,1445,0,0,248,26,22,0,0,0,0
71,1,1,1,1,26,22,0,0,0,224,0,0,0,0,0,1445,65520,1445,0,0,248,26,22,0,0,0,0
72,0,1,0,1,26,22,0,0,0,224,0,6746,0,602,0,0,65520,0,0,0,248,26,22,1,1,1,1
73,1,1,1,1,26,22,0,0,0,224,0,0,0,0,0,8191,65520,2047,0,0,248,33,27,0,0,0,0
74,0,1,0,1,26,22,0,0,0,224,0,1445,0,1445,0,0,65520,0,0,0,248,33,27,1,1,1,1
75,1,1,1,1,26,22,0,0,0,224,0,0,0,0,0,6746,65520,602,0,0,248,39,33,0,0,0,0
76,0,1,0,1,26,22,0,0,0,224,0,8191,0,2047,0,0,65520,0,0,0,248,39,33,1,1,1,1
77,0,1,0,1,26,22,0,0,0,224,0,0,0,0,0,1445,65520,1445,0,0,248,39,33,0,0,0,0
78,1,1,1,1,39,33,0,0,0,224,0,0,0,0,0,1445,65520,1445,0,0,248,39,33,0,0,0,0
79,0,1,0,1,39,33,0,0,0,224,0,90,0,2,0,6656,65520,600,0,0,248,39,33,1,1,1,1
80,0,1,0,1,39,33,1,1,39,33,6656,0,600,0,0,8191,0,2047,0,0,248,43,34,0,0,0,0
81,1,1,1,1,39,33,0,0,39,33,0,0,0,0,0,8191,0,2047,0,0,248,46,38,0,0,0,0
82,0,1,0,1,39,33,0,0,39,33,0,421,0,5,0,1024,0,1440,0,0,248,46,38,1,1,1,1
83,0,1,0,1,39,33,1,1,39,33,1024,0,1440,0,0,6746,0,602,0,0,248,51,40,0,0,0,0
84,1,1,1,1,39,33,0,0,39,33,0,0,0,0,0,6746,0,602,0,0,248,52,44,0,0,0,0
85,0,1,0,1,39,33,0,0,39,33,0,511,0,7,0,7680,0,2040,0,0,248,52,44,1,1,1,1
86,0,1,0,1,39,33,1,1,39,33,7680,0,2040,0,0,1445,0,1445,0,0,248,52,44,0,0,0,0
87,0,1,0,1,39,33,0,0,39,33,0,0,0,0,0,1445,0,1445,0,0,248,52,44,0,0,0,0
88,1,1,1,1,52,44,0,0,39,33,0,0,0,0,0,1445,0,1445,0,0,248,52,44,0,0,0,0
89,0,1,0,1,52,44,0,0,39,33,0,6746,0,602,0,0,0,0,0,0,248,52,44,1,1,1,1
90,1,1,1,1,52,44,0,0,39,33,0,0,0,0,0,8191,0,2047,0,0,248,59,49,0,0,0,0
91,0,1,0,1,52,44,0,0,39,33,0,1445,0,1445,0,0,0,0,0,0,248,59,49,1,1,1,1
92,1,1,1,1,52,44,0,0,39,33,0,0,0,0,0,6746,0,602,0,0,248,65,55,0,0,0,0
93,0,1,0,1,52,44,0,0,39,33,0,8191,0,2047,0,0,0,0,0,0,248,65,55,1,1,1,1
94,0,1,0,1,52,44,0,0,39,33,0,0,0,0,0,1445,0,1445,0,0,248,65,55,0,0,0,0
95,1,1,1,1,65,55,0,0,39,33,0,0,0,0,0,1445,0,1445,0,0,248,65,55,0,0,0,0
96,0,1,0,1,65,55,0,0,39,33,0,6746,0,602,0,0,0,0,0,0,248,65,55,1,1,1,1
97,1,1,1,1,65,55,0,0,39,33,0,0,0,0,0,8191,0,2047,0,0,248,72,60,0,0,0,0
98,0,1,0,1,65,55,0,0,39,33,0,1445,0,1445,0,0,0,0,0,0,248,72,60,1,1,1,1
99,1,1,1,1,65,55,0,0,39,33,0,0,0,0,0,6746,0,602,0,0,248,78,66,0,0,0,0
100,0,1,0,1,65,55,0,0,39,33,0,8191,0,2047,0,0,0,0,0,0,248,78,66,1,1,1,1
101,0,1,0,1,65,55,0,0,39,33,0,0,0,0,0,1445,0,1445,0,0,248,78,66,0,0,0,0
102,1,1,1,1,78,66,0,0,39,33,0,0,0,0,0,1445,0,1445,0,0,248,78,66,0,0,0,0
103,0,1,0,1,78,66,0,0,39,33,0,2,0,2,0,6744,0,600,0,0,248,78,66,1,1,1,1
104,0,1,0,1,78,66,1,1,78,66,6744,0,600,0,0,8191,0,2047,0,0,248,79,67,0,0,0,0
105,1,1,1,1,78,66,0,0,78,66,0,0,0,0,0,8191,0,2047,0,0,248,85,71,0,0,0,0
106,0,1,0,1,78,66,0,0,78,66,0,1,0,1,0,1444,0,1444,0,0,248,85,71,1,1,1,1
107,0,1,0,1,78,66,1,1,78,66,1444,0,1444,0,0,6746,0,602,0,0,248,86,72,0,0,0,0
108,1,1,1,1,78,66,0,0,78,66,0,0,0,0,0,6746,0,602,0,0,248,91,77,0,0,0,0
109,0,1,0,1,78,66,0,0,78,66,0,3,0,3,0,8188,0,2044,0,0,248,91,77,1,1,1,1
110,0,1,0,1,78,66,1,1,78,66,8188,0,2044,0,0,1445,0,1445,0,0,248,91,77,0,0,0,0
111,0,1,0,1,78,66,0,0,78,66,0,0,0,0,0,1445,0,1445,0,0,248,91,77,0,0,0,0
112,1,1,1,1,91,77,0,0,78,66,0,0,0,0,0,1445,0,1445,0,0,248,91,77,0,0,0,0
113,0,1,0,1,91,77,0,0,78,66,0,6746,0,602,0,0,0,0,0,0,248,91,77,1,1,1,1
114,1,1,1,1,91,77,0,0,78,66,0,0,0,0,0,8191,0,2047,0,0,248,98,82,0,0,0,0
115,0,1,0,1,91,77,0,0,78,66,0,1445,0,1445,0,0,0,0,0,0,248,98,82,1,1,1,1
116,1,1,1,1,91,77,0,0,78,66,0,0,0,0,0,6746,0,602,0,0,248,104,88,0,0,0,0
117,0,1,0,1,91,77,0,0,78,66,0,8191,0,2047,0,0,0,0,0,0,248,104,88,1,1,1,1
118,0,1,0,1,91,77,0,0,78,66,0,0,0,0,0,1445,0,1445,0,0,248,104,88,0,0,0,0
119,1,1,1,1,104,88,0,0,78,66,0,0,0,0,0,1445,0,1445,0,0,248,104,88,0,0,0,0
120,0,1,0,1,104,88,0,0,78,66,0,90,0,602,0,6656,0,0,0,0,248,104,88,1,1,1,1
121,0,1,0,1,104,88,1,0,104,66,6656,0,0,0,0,8191,0,2047,0,0,248,108,93,0,0,0,0
122,1,1,1,1,104,88,0,0,104,66,0,0,0,0,0,8191,0,2047,0,0,248,111,93,0,0,0,0
123,0,1,0,1,104,88,0,0,104,66,0,165,0,1445,0,1280,0,0,0,0,248,111,93,1,1,1,1
124,0,1,0,1,104,88,1,0,104,66,1280,0,0,0,0,6746,0,602,0,0,248,115,99,0,0,0,0
125,1,1,1,1,104,88,0,0,104,66,0,0,0,0,0,6746,0,602,0,0,248,117,99,0,0,0,0
126,0,1,0,1,104,88,0,0,104,66,0,255,0,2047,0,7936,0,0,0,0,248,117,99,1,1,1,1
127,0,1,0,1,104,88,1,0,104,66,7936,0,0,0,0,1445,0,1445,0,0,248,117,99,0,0,0,0
128,0,1,0,1,104,88,0,0,104,66,0,0,0,0,0,1445,0,1445,0,0,248,117,99,0,0,0,0
129,1,1,1,1,117,99,0,0,104,66,0,0,0,0,0,1445,0,1445,0,0,248,117,99,0,0,0,0
