cycle,wvalid,avalid,woff,aoff,wpend,apend,wread,aread,k,wbytes,abytes
1,0,0,0,0,0,0,0,0,0,0,0
2,0,0,0,0,0,0,0,0,0,0,0
3,0,0,0,0,0,0,0,0,0,0,0
4,0,0,0,0,0,0,0,0,0,0,0
5,0,0,0,0,0,0,0,0,0,0,0
6,0,0,0,0,0,0,0,0,0,0,0
7,0,0,0,0,0,0,0,0,0,0,0
8,0,0,0,0,0,0,0,0,0,0,0
9,0,0,0,0,0,0,0,0,0,0,0
10,0,0,0,0,0,0,0,0,0,0,0
11,0,0,0,0,0,0,0,0,0,0,0
12,0,0,0,0,0,0,0,0,0,0,0
13,0,0,0,0,0,0,0,0,0,0,0
14,0,0,0,0,0,0,0,0,0,0,0
15,0,0,0,0,0,0,0,0,0,0,0
16,0,0,0,0,0,0,0,0,0,0,0
17,0,0,0,0,0,0,0,0,0,0,0
18,0,0,0,0,0,0,0,0,0,0,0
19,0,0,0,0,0,0,0,0,0,0,0
20,0,0,0,0,0,0,0,0,0,0,0
21,0,0,16,16,0,0,0,0,0,0,0
22,0,0,32,32,0,0,0,0,0,0,0
23,0,0,48,48,0,0,0,0,0,0,0
24,0,0,64,64,0,0,0,0,0,0,0
25,0,0,80,80,0,0,0,0,0,0,0
26,0,0,96,96,0,0,0,0,0,0,0
27,0,0,112,112,0,0,0,0,0,0,0
28,0,0,128,128,0,0,0,0,0,0,0
29,0,0,144,144,0,0,0,0,0,0,0
30,0,0,160,160,0,0,0,0,0,0,0
31,0,0,176,176,0,0,0,0,0,0,0
32,0,0,192,192,0,0,0,0,0,0,0
33,0,0,208,208,0,0,0,0,0,0,0
34,0,0,224,224,0,0,0,0,0,0,0
35,0,0,240,240,0,0,0,0,0,0,0
36,0,0,256,256,0,0,0,0,0,0,0
37,0,0,272,272,0,0,0,0,0,0,0
38,0,0,288,288,0,0,0,0,0,0,0
39,0,0,304,304,0,0,0,0,0,0,0
40,0,0,320,320,0,0,0,0,0,0,0
41,0,0,336,336,0,0,0,0,0,0,0
42,0,0,352,352,0,0,0,0,0,0,0
43,0,0,368,368,0,0,0,0,0,0,0
44,0,0,384,384,0,0,0,0,0,0,0
45,0,0,400,400,0,0,0,0,0,0,0
46,0,0,416,416,0,0,0,0,0,0,0
47,0,0,432,432,0,0,0,0,0,0,0
48,0,0,448,448,0,0,0,0,0,0,0
49,0,0,464,464,0,0,0,0,0,0,0
50,0,0,480,480,0,0,0,0,0,0,0
51,0,0,496,496,0,0,0,0,0,0,0
52,0,0,512,512,0,0,0,0,0,0,0
53,0,0,528,528,0,0,0,0,0,0,0
54,0,0,544,544,0,0,0,0,0,0,0
55,0,0,560,560,0,0,0,0,0,0,0
56,0,1,0,0,0,0,0,0,0,0,0
57,0,1,16,16,0,0,0,0,0,0,0
58,0,1,32,32,0,0,0,0,0,0,0
59,0,0,48,48,0,0,0,0,0,0,0
60,0,1,48,48,0,0,0,0,0,0,0
61,0,1,64,64,0,0,0,0,0,0,0
62,0,0,80,80,0,0,0,0,0,0,0
63,0,1,80,80,0,0,0,0,0,0,0
64,0,1,96,96,0,0,0,0,0,0,0
65,0,0,112,112,0,0,0,0,0,0,0
66,0,1,112,112,0,0,0,0,0,0,0
67,0,1,128,128,0,0,0,0,0,0,0
68,0,0,144,144,0,0,0,0,0,0,0
69,0,1,144,144,0,0,0,0,0,0,0
70,0,1,160,160,0,0,0,0,0,0,0
71,0,0,176,176,0,0,0,0,0,0,0
72,0,1,176,176,0,0,0,0,0,0,0
73,0,1,192,192,0,0,0,0,0,0,0
74,0,0,208,208,0,0,0,0,0,0,0
75,0,1,208,208,0,0,0,0,0,0,0
76,0,1,224,224,0,0,0,0,0,0,0
77,0,0,240,240,0,0,0,0,0,0,0
78,0,1,240,240,0,0,0,0,0,0,0
79,0,1,256,256,0,0,0,0,0,0,0
80,0,1,272,272,0,0,0,0,0,0,0
81,0,1,288,288,0,0,0,0,0,0,0
82,1,0,0,0,0,0,0,0,0,0,0
83,1,0,16,16,0,0,0,0,0,16,0
84,1,0,32,32,0,0,0,0,8,32,0
85,1,0,48,48,0,0,0,0,16,48,0
86,1,0,64,64,0,0,0,0,24,64,0
87,1,0,80,80,0,0,0,0,32,80,0
88,1,0,96,96,0,0,0,0,40,96,0
89,1,0,112,112,0,0,0,0,48,112,0
90,1,0,128,128,0,0,0,0,56,128,0
91,1,0,144,144,0,0,0,0,64,144,0
92,1,0,160,160,0,0,0,0,72,160,0
93,1,0,176,176,0,0,0,0,80,176,0
94,1,0,192,192,0,0,0,0,88,192,0
95,1,0,208,208,0,0,0,0,96,208,0
96,1,0,224,224,0,0,0,0,104,224,0
97,1,0,240,240,0,0,0,0,112,240,0
98,1,0,256,256,0,0,0,0,120,256,0
99,1,0,272,272,0,0,0,0,128,272,0
100,1,0,288,288,0,0,0,0,136,288,0
101,1,0,304,304,0,0,0,0,144,304,0
102,1,0,320,320,0,0,0,0,152,320,0
103,1,0,336,336,0,0,0,0,160,336,0
104,1,0,352,352,0,0,0,0,168,352,0
105,1,0,368,368,0,0,0,0,176,368,0
106,1,0,384,384,0,0,0,0,184,384,0
107,1,0,400,400,0,0,0,0,192,400,0
108,1,0,416,416,0,0,0,0,200,416,0
109,1,0,432,432,0,0,0,0,208,432,0
110,1,0,448,448,0,0,0,0,216,448,0
111,1,0,464,464,0,0,0,0,224,464,0
112,1,0,480,480,0,0,0,0,232,480,0
113,1,0,496,496,0,0,0,0,240,496,0
114,1,0,512,512,0,0,0,0,248,512,0
115,1,0,528,528,0,0,0,0,248,528,0
116,1,0,544,544,0,0,0,0,248,544,0
117,1,0,560,560,0,0,0,0,248,560,0
118,0,0,0,0,0,0,0,0,248,576,0
119,0,0,0,0,0,0,0,0,248,576,0
120,0,0,0,0,0,0,1,0,0,576,0
121,0,0,16,16,0,0,1,0,8,576,0
122,0,0,32,32,0,0,1,0,16,576,0
123,0,0,48,48,0,0,1,0,24,576,0
124,0,0,64,64,0,0,1,0,32,576,0
125,0,0,80,80,0,0,1,0,40,576,0
126,0,0,96,96,0,0,1,0,48,576,0
127,0,0,112,112,0,0,1,0,56,576,0
128,0,0,128,128,0,0,1,0,64,576,0
