cycle,wvalid,wready,avalid,aready,woff,aoff,wpend,apend,pending_woff,pending_aoff,wcommit_old,wcommit_new,acommit_old,acommit_new,wremain_old,wremain_new,aremain_old,aremain_new,wread,aread,k,wbytes,abytes
75,1,1,0,1,0,0,0,0,0,0,0000,ffff,0000,0000,0000,0000,0000,0000,0,0,0,0,0
76,1,1,0,1,16,16,0,0,0,0,0000,ffff,0000,0000,0000,0000,0000,0000,0,0,0,16,0
77,1,1,0,1,32,32,0,0,0,0,0000,ffff,0000,0000,0000,0000,0000,0000,0,0,8,32,0
78,1,1,0,1,48,48,0,0,0,0,0000,ffff,0000,0000,0000,0000,0000,0000,0,0,16,48,0
79,1,1,0,1,64,64,0,0,0,0,0000,ffff,0000,0000,0000,0000,0000,0000,0,0,24,64,0
80,1,1,0,1,80,80,0,0,0,0,0000,ffff,0000,0000,0000,0000,0000,0000,0,0,32,80,0
81,1,1,0,1,96,96,0,0,0,0,0000,ffff,0000,0000,0000,0000,0000,0000,0,0,40,96,0
82,1,1,0,1,112,112,0,0,0,0,0000,ffff,0000,0000,0000,0000,0000,0000,0,0,48,112,0
83,1,1,0,1,128,128,0,0,0,0,0000,ffff,0000,0000,0000,0000,0000,0000,0,0,56,128,0
84,1,1,0,1,144,144,0,0,0,0,0000,ffff,0000,0000,0000,0000,0000,0000,0,0,64,144,0
85,1,1,0,1,160,160,0,0,0,0,0000,ffff,0000,0000,0000,0000,0000,0000,0,0,72,160,0
86,1,1,0,1,176,176,0,0,0,0,0000,ffff,0000,0000,0000,0000,0000,0000,0,0,80,176,0
87,1,1,0,1,192,192,0,0,0,0,0000,ffff,0000,0000,0000,0000,0000,0000,0,0,88,192,0
88,1,1,0,1,208,208,0,0,0,0,0000,ffff,0000,0000,0000,0000,0000,0000,0,0,96,208,0
89,1,1,0,1,224,224,0,0,0,0,0000,ffff,0000,0000,0000,0000,0000,0000,0,0,104,224,0
90,1,1,0,1,240,240,0,0,0,0,0000,ffff,0000,0000,0000,0000,0000,0000,0,0,112,240,0
91,1,1,0,1,256,256,0,0,0,0,0000,ffff,0000,0000,0000,0000,0000,0000,0,0,120,256,0
92,1,1,0,1,272,272,0,0,0,0,0000,ffff,0000,0000,0000,0000,0000,0000,0,0,128,272,0
93,1,1,0,1,288,288,0,0,0,0,0000,ffff,0000,0000,0000,0000,0000,0000,0,0,136,288,0
94,1,1,0,1,304,304,0,0,0,0,0000,ffff,0000,0000,0000,0000,0000,0000,0,0,144,304,0
95,1,1,0,1,320,320,0,0,0,0,0000,ffff,0000,0000,0000,0000,0000,0000,0,0,152,320,0
96,1,1,0,1,336,336,0,0,0,0,0000,ffff,0000,0000,0000,0000,0000,0000,0,0,160,336,0
97,1,1,0,1,352,352,0,0,0,0,0000,ffff,0000,0000,0000,0000,0000,0000,0,0,168,352,0
98,1,1,0,1,368,368,0,0,0,0,0000,ffff,0000,0000,0000,0000,0000,0000,0,0,176,368,0
99,1,1,0,1,384,384,0,0,0,0,0000,ffff,0000,0000,0000,0000,0000,0000,0,0,184,384,0
100,1,1,0,1,400,400,0,0,0,0,0000,ffff,0000,0000,0000,0000,0000,0000,0,0,192,400,0
101,1,1,0,1,416,416,0,0,0,0,0000,ffff,0000,0000,0000,0000,0000,0000,0,0,200,416,0
102,1,1,0,1,432,432,0,0,0,0,0000,ffff,0000,0000,0000,0000,0000,0000,0,0,208,432,0
103,1,1,0,1,448,448,0,0,0,0,0000,ffff,0000,0000,0000,0000,0000,0000,0,0,216,448,0
104,1,1,0,1,464,464,0,0,0,0,0000,ffff,0000,0000,0000,0000,0000,0000,0,0,224,464,0
105,1,1,0,1,480,480,0,0,0,0,0000,ffff,0000,0000,0000,0000,0000,0000,0,0,232,480,0
106,1,1,0,1,496,496,0,0,0,0,0000,ffff,0000,0000,0000,0000,0000,0000,0,0,240,496,0
107,1,1,0,1,512,512,0,0,0,0,0000,ffff,0000,0000,0000,0000,0000,0000,0,0,248,512,0
108,1,1,0,1,528,528,0,0,0,0,0000,ffff,0000,0000,0000,0000,0000,0000,0,0,248,528,0
109,1,1,0,1,544,544,0,0,0,0,0000,ffff,0000,0000,0000,0000,0000,0000,0,0,248,544,0
110,1,1,0,1,560,560,0,0,0,0,0000,ffff,0000,0000,0000,0000,0000,0000,0,0,248,560,0
111,0,1,0,1,0,0,0,0,0,0,0000,0000,0000,0000,0000,ffff,0000,0000,0,0,248,576,0
112,0,1,0,1,0,0,0,0,0,0,0000,0000,0000,0000,0000,ffff,0000,0000,0,0,248,576,0
113,0,0,0,1,0,0,0,0,0,0,0000,0000,0000,0000,0000,ffff,0000,0000,1,0,0,576,0
114,0,0,0,1,16,16,0,0,0,0,0000,0000,0000,0000,0000,ffff,0000,0000,1,0,8,576,0
115,0,0,0,1,32,32,0,0,0,0,0000,0000,0000,0000,0000,ffff,0000,0000,1,0,16,576,0
116,0,0,0,1,48,48,0,0,0,0,0000,0000,0000,0000,0000,ffff,0000,0000,1,0,24,576,0
117,0,0,0,1,64,64,0,0,0,0,0000,0000,0000,0000,0000,ffff,0000,0000,1,0,32,576,0
118,0,0,0,1,80,80,0,0,0,0,0000,0000,0000,0000,0000,ffff,0000,0000,1,0,40,576,0
119,0,0,0,1,96,96,0,0,0,0,0000,0000,0000,0000,0000,ffff,0000,0000,1,0,48,576,0
120,0,0,0,1,112,112,0,0,0,0,0000,0000,0000,0000,0000,ffff,0000,0000,1,0,56,576,0
121,0,0,0,1,128,128,0,0,0,0,0000,0000,0000,0000,0000,ffff,0000,0000,1,0,64,576,0
122,0,0,0,1,144,144,0,0,0,0,0000,0000,0000,0000,0000,ffff,0000,0000,1,0,72,576,0
123,0,0,0,1,160,160,0,0,0,0,0000,0000,0000,0000,0000,ffff,0000,0000,1,0,80,576,0
124,0,0,0,1,176,176,0,0,0,0,0000,0000,0000,0000,0000,ffff,0000,0000,1,0,88,576,0
125,0,0,0,1,192,192,0,0,0,0,0000,0000,0000,0000,0000,ffff,0000,0000,1,0,96,576,0
126,0,0,0,1,208,208,0,0,0,0,0000,0000,0000,0000,0000,ffff,0000,0000,1,0,104,576,0
127,0,0,0,1,224,224,0,0,0,0,0000,0000,0000,0000,0000,ffff,0000,0000,1,0,112,576,0
128,0,0,0,1,240,240,0,0,0,0,0000,0000,0000,0000,0000,ffff,0000,0000,1,0,120,576,0
129,0,0,0,1,256,256,0,0,0,0,0000,0000,0000,0000,0000,ffff,0000,0000,1,0,128,576,0
130,0,0,0,1,272,272,0,0,0,0,0000,0000,0000,0000,0000,ffff,0000,0000,1,0,136,576,0
131,0,0,0,1,288,288,0,0,0,0,0000,0000,0000,0000,0000,ffff,0000,0000,1,0,144,576,0
132,0,0,0,1,304,304,0,0,0,0,0000,0000,0000,0000,0000,ffff,0000,0000,1,0,152,576,0
133,0,0,0,1,320,320,0,0,0,0,0000,0000,0000,0000,0000,ffff,0000,0000,1,0,160,576,0
134,0,0,0,1,336,336,0,0,0,0,0000,0000,0000,0000,0000,ffff,0000,0000,1,0,168,576,0
135,0,0,0,1,352,352,0,0,0,0,0000,0000,0000,0000,0000,ffff,0000,0000,1,0,176,576,0
136,0,0,0,1,368,368,0,0,0,0,0000,0000,0000,0000,0000,ffff,0000,0000,1,0,184,576,0
137,0,0,0,1,384,384,0,0,0,0,0000,0000,0000,0000,0000,ffff,0000,0000,1,0,192,576,0
138,0,0,0,1,400,400,0,0,0,0,0000,0000,0000,0000,0000,ffff,0000,0000,1,0,200,576,0
139,0,0,0,1,416,416,0,0,0,0,0000,0000,0000,0000,0000,ffff,0000,0000,1,0,208,576,0
140,0,0,0,1,432,432,0,0,0,0,0000,0000,0000,0000,0000,ffff,0000,0000,1,0,216,576,0
141,0,0,0,1,448,448,0,0,0,0,0000,0000,0000,0000,0000,ffff,0000,0000,1,0,224,576,0
142,0,0,0,1,464,464,0,0,0,0,0000,0000,0000,0000,0000,ffff,0000,0000,1,0,232,576,0
143,0,0,0,1,480,480,0,0,0,0,0000,0000,0000,0000,0000,ffff,0000,0000,1,0,240,576,0
144,0,0,0,1,496,496,0,0,0,0,0000,0000,0000,0000,0000,ffff,0000,0000,1,0,248,576,0
145,0,1,0,1,512,512,0,0,0,0,0000,0000,0000,0000,0000,ffff,0000,0000,0,0,248,576,0
146,0,1,0,1,528,528,0,0,0,0,0000,0000,0000,0000,0000,ffff,0000,0000,0,0,248,576,0
147,0,1,0,1,544,544,0,0,0,0,0000,0000,0000,0000,0000,ffff,0000,0000,0,0,248,576,0
148,0,1,0,1,560,560,0,0,0,0,0000,0000,0000,0000,0000,ffff,0000,0000,0,0,248,576,0
149,0,1,0,1,0,0,0,0,0,0,0000,0000,0000,0000,0000,ffff,0000,0000,0,0,248,576,0
150,0,0,0,1,0,0,0,0,0,0,0000,0000,0000,0000,0000,ffff,0000,0000,0,0,248,576,0
151,1,1,0,1,0,0,0,0,0,0,0000,ffff,0000,0000,0000,0000,0000,0000,0,0,0,0,0
152,1,1,0,1,16,16,0,0,0,0,0000,ffff,0000,0000,0000,0000,0000,0000,0,0,8,16,0
153,1,1,0,1,32,32,0,0,0,0,0000,ffff,0000,0000,0000,0000,0000,0000,0,0,16,32,0
154,1,1,0,1,48,48,0,0,0,0,0000,ffff,0000,0000,0000,0000,0000,0000,0,0,24,48,0
155,1,1,0,1,64,64,0,0,0,0,0000,ffff,0000,0000,0000,0000,0000,0000,0,0,32,64,0
156,1,1,0,1,80,80,0,0,0,0,0000,ffff,0000,0000,0000,0000,0000,0000,0,0,40,80,0
157,1,1,0,1,96,96,0,0,0,0,0000,ffff,0000,0000,0000,0000,0000,0000,0,0,48,96,0
158,1,1,0,1,112,112,0,0,0,0,0000,ffff,0000,0000,0000,0000,0000,0000,0,0,56,112,0
159,1,1,0,1,128,128,0,0,0,0,0000,ffff,0000,0000,0000,0000,0000,0000,0,0,64,128,0
160,1,1,0,1,144,144,0,0,0,0,0000,ffff,0000,0000,0000,0000,0000,0000,0,0,72,144,0
161,1,1,0,1,160,160,0,0,0,0,0000,ffff,0000,0000,0000,0000,0000,0000,0,0,80,160,0
162,1,1,0,1,176,176,0,0,0,0,0000,ffff,0000,0000,0000,0000,0000,0000,0,0,88,176,0
163,1,1,0,1,192,192,0,0,0,0,0000,ffff,0000,0000,0000,0000,0000,0000,0,0,96,192,0
164,1,1,0,1,208,208,0,0,0,0,0000,ffff,0000,0000,0000,0000,0000,0000,0,0,104,208,0
165,1,1,0,1,224,224,0,0,0,0,0000,ffff,0000,0000,0000,0000,0000,0000,0,0,112,224,0
166,1,1,0,1,240,240,0,0,0,0,0000,ffff,0000,0000,0000,0000,0000,0000,0,0,120,240,0
167,1,1,0,1,256,256,0,0,0,0,0000,ffff,0000,0000,0000,0000,0000,0000,0,0,128,256,0
168,1,1,0,1,272,272,0,0,0,0,0000,ffff,0000,0000,0000,0000,0000,0000,0,0,136,272,0
169,1,1,0,1,288,288,0,0,0,0,0000,ffff,0000,0000,0000,0000,0000,0000,0,0,144,288,0
170,1,1,0,1,304,304,0,0,0,0,0000,ffff,0000,0000,0000,0000,0000,0000,0,0,152,304,0
171,1,1,0,1,320,320,0,0,0,0,0000,ffff,0000,0000,0000,0000,0000,0000,0,0,160,320,0
172,1,1,0,1,336,336,0,0,0,0,0000,ffff,0000,0000,0000,0000,0000,0000,0,0,168,336,0
173,1,1,0,1,352,352,0,0,0,0,0000,ffff,0000,0000,0000,0000,0000,0000,0,0,176,352,0
174,1,1,0,1,368,368,0,0,0,0,0000,ffff,0000,0000,0000,0000,0000,0000,0,0,184,368,0
175,1,1,0,1,384,384,0,0,0,0,0000,ffff,0000,0000,0000,0000,0000,0000,0,0,192,384,0
176,1,1,0,1,400,400,0,0,0,0,0000,ffff,0000,0000,0000,0000,0000,0000,0,0,200,400,0
177,1,1,0,1,416,416,0,0,0,0,0000,ffff,0000,0000,0000,0000,0000,0000,0,0,208,416,0
178,1,1,0,1,432,432,0,0,0,0,0000,ffff,0000,0000,0000,0000,0000,0000,0,0,216,432,0
179,1,1,0,1,448,448,0,0,0,0,0000,ffff,0000,0000,0000,0000,0000,0000,0,0,224,448,0
180,1,1,0,1,464,464,0,0,0,0,0000,ffff,0000,0000,0000,0000,0000,0000,0,0,232,464,0
181,1,1,0,1,480,480,0,0,0,0,0000,ffff,0000,0000,0000,0000,0000,0000,0,0,240,480,0
182,1,1,0,1,496,496,0,0,0,0,0000,ffff,0000,0000,0000,0000,0000,0000,0,0,248,496,0
183,1,1,0,1,512,512,0,0,0,0,0000,ffff,0000,0000,0000,0000,0000,0000,0,0,248,512,0
184,1,1,0,1,528,528,0,0,0,0,0000,ffff,0000,0000,0000,0000,0000,0000,0,0,248,528,0
185,1,1,0,1,544,544,0,0,0,0,0000,ffff,0000,0000,0000,0000,0000,0000,0,0,248,544,0
186,1,1,0,1,560,560,0,0,0,0,0000,ffff,0000,0000,0000,0000,0000,0000,0,0,248,560,0
187,0,1,0,1,0,0,0,0,0,0,0000,0000,0000,0000,0000,ffff,0000,0000,0,0,248,576,0
188,0,1,0,1,0,0,0,0,0,0,0000,0000,0000,0000,0000,ffff,0000,0000,0,0,248,576,0
189,0,0,0,1,0,0,0,0,0,0,0000,0000,0000,0000,0000,ffff,0000,0000,1,0,0,576,0
190,0,0,0,1,16,16,0,0,0,0,0000,0000,0000,0000,0000,ffff,0000,0000,1,0,8,576,0
191,0,0,0,1,32,32,0,0,0,0,0000,0000,0000,0000,0000,ffff,0000,0000,1,0,16,576,0
192,0,0,0,1,48,48,0,0,0,0,0000,0000,0000,0000,0000,ffff,0000,0000,1,0,24,576,0
193,0,0,0,1,64,64,0,0,0,0,0000,0000,0000,0000,0000,ffff,0000,0000,1,0,32,576,0
194,0,0,0,1,80,80,0,0,0,0,0000,0000,0000,0000,0000,ffff,0000,0000,1,0,40,576,0
195,0,0,0,1,96,96,0,0,0,0,0000,0000,0000,0000,0000,ffff,0000,0000,1,0,48,576,0
196,0,0,0,1,112,112,0,0,0,0,0000,0000,0000,0000,0000,ffff,0000,0000,1,0,56,576,0
197,0,0,0,1,128,128,0,0,0,0,0000,0000,0000,0000,0000,ffff,0000,0000,1,0,64,576,0
198,0,0,0,1,144,144,0,0,0,0,0000,0000,0000,0000,0000,ffff,0000,0000,1,0,72,576,0
199,0,0,0,1,160,160,0,0,0,0,0000,0000,0000,0000,0000,ffff,0000,0000,1,0,80,576,0
200,0,0,0,1,176,176,0,0,0,0,0000,0000,0000,0000,0000,ffff,0000,0000,1,0,88,576,0
201,0,0,0,1,192,192,0,0,0,0,0000,0000,0000,0000,0000,ffff,0000,0000,1,0,96,576,0
202,0,0,0,1,208,208,0,0,0,0,0000,0000,0000,0000,0000,ffff,0000,0000,1,0,104,576,0
